recovery_blocks,job_a_group_gain_ms,job_a_single_gain_ms,job_b_gain_ms,greedy_selection,group_selection,greedy_gain_ms,group_gain_ms,selection_differs,group_advantage_ms
1,36,0,27,B1,B1,27,27,False,0
1,36,0,30,B1,B1,30,30,False,0
1,36,0,33,B1,B1,33,33,False,0
1,36,4,27,B1,B1,27,27,False,0
1,36,4,30,B1,B1,30,30,False,0
1,36,4,33,B1,B1,33,33,False,0
1,36,8,27,B1,B1,27,27,False,0
1,36,8,30,B1,B1,30,30,False,0
1,36,8,33,B1,B1,33,33,False,0
1,40,0,27,B1,B1,27,27,False,0
1,40,0,30,B1,B1,30,30,False,0
1,40,0,33,B1,B1,33,33,False,0
1,40,4,27,B1,B1,27,27,False,0
1,40,4,30,B1,B1,30,30,False,0
1,40,4,33,B1,B1,33,33,False,0
1,40,8,27,B1,B1,27,27,False,0
1,40,8,30,B1,B1,30,30,False,0
1,40,8,33,B1,B1,33,33,False,0
1,44,0,27,B1,B1,27,27,False,0
1,44,0,30,B1,B1,30,30,False,0
1,44,0,33,B1,B1,33,33,False,0
1,44,4,27,B1,B1,27,27,False,0
1,44,4,30,B1,B1,30,30,False,0
1,44,4,33,B1,B1,33,33,False,0
1,44,8,27,B1,B1,27,27,False,0
1,44,8,30,B1,B1,30,30,False,0
1,44,8,33,B1,B1,33,33,False,0
2,36,0,27,A1+B1,A1+A2,27,36,True,9
2,36,0,30,A1+B1,A1+A2,30,36,True,6
2,36,0,33,A1+B1,A1+A2,33,36,True,3
2,36,4,27,A1+B1,A1+A2,31,36,True,5
2,36,4,30,A1+B1,A1+A2,34,36,True,2
2,36,4,33,A1+B1,A1+B1,37,37,False,0
2,36,8,27,A1+B1,A1+A2,35,36,True,1
2,36,8,30,A1+B1,A1+B1,38,38,False,0
2,36,8,33,A1+B1,A1+B1,41,41,False,0
2,40,0,27,A1+B1,A1+A2,27,40,True,13
2,40,0,30,A1+B1,A1+A2,30,40,True,10
2,40,0,33,A1+B1,A1+A2,33,40,True,7
2,40,4,27,A1+B1,A1+A2,31,40,True,9
2,40,4,30,A1+B1,A1+A2,34,40,True,6
2,40,4,33,A1+B1,A1+A2,37,40,True,3
2,40,8,27,A1+B1,A1+A2,35,40,True,5
2,40,8,30,A1+B1,A1+A2,38,40,True,2
2,40,8,33,A1+B1,A1+B1,41,41,False,0
2,44,0,27,A1+B1,A1+A2,27,44,True,17
2,44,0,30,A1+B1,A1+A2,30,44,True,14
2,44,0,33,A1+B1,A1+A2,33,44,True,11
2,44,4,27,A1+B1,A1+A2,31,44,True,13
2,44,4,30,A1+B1,A1+A2,34,44,True,10
2,44,4,33,A1+B1,A1+A2,37,44,True,7
2,44,8,27,A1+B1,A1+A2,35,44,True,9
2,44,8,30,A1+B1,A1+A2,38,44,True,6
2,44,8,33,A1+B1,A1+A2,41,44,True,3
3,36,0,27,A1+A2+B1,A1+A2+B1,63,63,False,0
3,36,0,30,A1+A2+B1,A1+A2+B1,66,66,False,0
3,36,0,33,A1+A2+B1,A1+A2+B1,69,69,False,0
3,36,4,27,A1+A2+B1,A1+A2+B1,63,63,False,0
3,36,4,30,A1+A2+B1,A1+A2+B1,66,66,False,0
3,36,4,33,A1+A2+B1,A1+A2+B1,69,69,False,0
3,36,8,27,A1+A2+B1,A1+A2+B1,63,63,False,0
3,36,8,30,A1+A2+B1,A1+A2+B1,66,66,False,0
3,36,8,33,A1+A2+B1,A1+A2+B1,69,69,False,0
3,40,0,27,A1+A2+B1,A1+A2+B1,67,67,False,0
3,40,0,30,A1+A2+B1,A1+A2+B1,70,70,False,0
3,40,0,33,A1+A2+B1,A1+A2+B1,73,73,False,0
3,40,4,27,A1+A2+B1,A1+A2+B1,67,67,False,0
3,40,4,30,A1+A2+B1,A1+A2+B1,70,70,False,0
3,40,4,33,A1+A2+B1,A1+A2+B1,73,73,False,0
3,40,8,27,A1+A2+B1,A1+A2+B1,67,67,False,0
3,40,8,30,A1+A2+B1,A1+A2+B1,70,70,False,0
3,40,8,33,A1+A2+B1,A1+A2+B1,73,73,False,0
3,44,0,27,A1+A2+B1,A1+A2+B1,71,71,False,0
3,44,0,30,A1+A2+B1,A1+A2+B1,74,74,False,0
3,44,0,33,A1+A2+B1,A1+A2+B1,77,77,False,0
3,44,4,27,A1+A2+B1,A1+A2+B1,71,71,False,0
3,44,4,30,A1+A2+B1,A1+A2+B1,74,74,False,0
3,44,4,33,A1+A2+B1,A1+A2+B1,77,77,False,0
3,44,8,27,A1+A2+B1,A1+A2+B1,71,71,False,0
3,44,8,30,A1+A2+B1,A1+A2+B1,74,74,False,0
3,44,8,33,A1+A2+B1,A1+A2+B1,77,77,False,0
